Hojas,EST-01.xls,EST-02.xls,EST-03.xls,EST-04.xls,EST-05.xls,EST-06.xls,EST-07.xls,EST-08.xls,EST-09.xlsx,EST-10.xls,EST-11.xls,EST-12.xls,EST-13.xls,EST-14.xls,EST-15.xls,EST-16.xlsx,EST-17.xls,EST-18.xls,EST-19.xls,EST-1A.xls,EST-20.xls,EST-21.xls,EST-22.xls,EST-23.xls,EST-24.xls,EST-25.xls,EST-27.xls,EST-28.xls,EST-29.xls,EST-30.xls,EST-31.xls,EST-32.xls,EST-33.xls,EST-34.xls,EST-34A.xlsx,EST-35.xls,EST-36.xls,EST-37.xls,EST-38.xls,EST-39.xls,EST-39A.xls,EST-40.xls,EST-41.xls,EST-42.xls,EST-43.xls,EST-44.xls,EST-45.xls,EST-46.xls,EST-47.xls,EST-48.xls,EST-49.xls,EST-51.xls,EST-52.xls,EST-53.xlsx,EST-54.xls,EST-55.xls,EST-56.xls,Mes
Hoja1,SI,SI,SI,SI,SI,SI,SI,SI,SI,SI,SI,SI,SI,SI,SI,SI,SI,SI,SI,SI,SI,SI,SI,SI,SI,SI,SI,SI,SI,SI,SI,SI,SI,SI,SI,SI,SI,SI,SI,SI,SI,SI,SI,SI,SI,SI,SI,SI,SI,SI,SI,SI,SI,SI,SI,SI,SI,01_ENERO
Hoja11,SI,SI,SI,SI,SI,SI,SI,SI,SI,SI,SI,SI,SI,SI,SI,SI,SI,SI,SI,SI,SI,SI,SI,SI,SI,SI,SI,SI,SI,SI,SI,SI,SI,SI,SI,SI,SI,SI,SI,SI,SI,SI,SI,SI,SI,SI,SI,SI,SI,SI,SI,SI,SI,SI,SI,SI,SI,01_ENERO
Hoja2,SI,SI,SI,SI,SI,SI,SI,SI,SI,SI,SI,SI,SI,SI,SI,SI,SI,SI,SI,SI,SI,SI,SI,SI,SI,SI,SI,SI,SI,SI,SI,SI,SI,SI,SI,SI,SI,SI,SI,SI,SI,SI,SI,SI,SI,SI,SI,SI,SI,SI,SI,SI,SI,SI,SI,SI,SI,01_ENERO
Hoja3,SI,SI,SI,SI,SI,SI,SI,SI,SI,SI,SI,SI,SI,SI,SI,SI,SI,SI,SI,SI,SI,SI,SI,SI,SI,SI,SI,SI,SI,SI,SI,SI,SI,SI,SI,SI,SI,SI,SI,SI,SI,SI,SI,SI,SI,SI,SI,SI,SI,SI,SI,SI,SI,SI,SI,SI,SI,01_ENERO
Hoja4,SI,SI,SI,SI,SI,SI,SI,SI,SI,SI,SI,SI,SI,SI,SI,SI,SI,SI,SI,SI,SI,SI,SI,SI,SI,SI,SI,SI,SI,SI,SI,SI,SI,SI,SI,SI,SI,SI,SI,SI,SI,SI,SI,SI,SI,SI,SI,SI,SI,SI,SI,SI,SI,SI,SI,SI,SI,01_ENERO
Hoja5,SI,SI,SI,SI,SI,SI,SI,SI,SI,SI,SI,SI,SI,SI,SI,SI,SI,SI,SI,SI,SI,SI,SI,SI,SI,SI,SI,SI,SI,SI,SI,SI,SI,SI,SI,SI,SI,SI,SI,SI,SI,SI,SI,SI,SI,SI,SI,SI,SI,SI,SI,SI,SI,SI,SI,SI,SI,01_ENERO
Hoja6,SI,SI,SI,SI,SI,SI,SI,SI,SI,SI,SI,SI,SI,SI,SI,SI,SI,SI,SI,SI,SI,SI,SI,SI,SI,SI,SI,SI,SI,SI,SI,SI,SI,SI,SI,SI,SI,SI,SI,SI,SI,SI,SI,SI,SI,SI,SI,SI,SI,SI,SI,SI,SI,SI,SI,SI,SI,01_ENERO
Hoja7,SI,SI,SI,SI,SI,SI,SI,SI,SI,SI,SI,SI,SI,SI,SI,SI,SI,SI,SI,SI,SI,SI,SI,SI,SI,SI,SI,SI,SI,SI,SI,SI,SI,SI,SI,SI,SI,SI,SI,SI,SI,SI,SI,SI,SI,SI,SI,SI,SI,SI,SI,SI,SI,SI,SI,SI,SI,01_ENERO
Hoja8,SI,SI,SI,SI,SI,SI,SI,SI,SI,SI,SI,SI,SI,SI,SI,SI,SI,SI,SI,SI,SI,SI,SI,SI,SI,SI,SI,SI,SI,SI,SI,SI,SI,SI,SI,SI,SI,SI,SI,SI,SI,SI,SI,SI,SI,SI,SI,SI,SI,SI,SI,SI,SI,SI,SI,SI,SI,01_ENERO
Hoja9,SI,SI,SI,SI,SI,SI,SI,SI,SI,SI,SI,SI,SI,SI,SI,SI,SI,SI,SI,SI,SI,SI,SI,SI,SI,SI,SI,SI,SI,SI,SI,SI,SI,SI,SI,SI,SI,SI,SI,SI,SI,SI,SI,SI,SI,SI,SI,SI,SI,SI,SI,SI,SI,SI,SI,SI,SI,01_ENERO
